Title,Location,Price,Area,Rooms
                        Apartment Loosduinse Uitleg                            ,            2553 AV Den Haag (Kom Loosduinen)        ,"                €1,275 per month            ",116 m²,3 rooms
                        Apartment Vrederustlaan                            ,            2543 TC Den Haag (Dreven en Gaarden)        ,"                €1,225 per month            ",83 m²,3 rooms
                        Apartment Vrederustlaan                            ,            2543 TC Den Haag (Dreven en Gaarden)        ,"                €1,195 per month            ",88 m²,3 rooms
                        Apartment Loevesteinlaan                            ,            2533 AM Den Haag (Morgenstond-Oost)        ,"                €1,425 per month            ",87 m²,4 rooms
                        Apartment Molenstraat                            ,            2513 BH Den Haag (Kortenbos)        ,"                €1,585 per month            ",37 m²,3 rooms
                        Apartment Waldorpstraat 762                            ,            2521 CZ Den Haag (Laakhaven-West)        ,                €570 per month            ,23 m²,1 room
                        Apartment Weimarstraat                            ,            2562 HB Den Haag (Koningsplein en omgeving)        ,"                €1,450 per month            ",72 m²,4 rooms
                        Apartment Zwedenburg                            ,            2591 BG Den Haag (Burgen en Horsten)        ,"                €1,250 per month            ",82 m²,2 rooms
                        House Theresiastraat                            ,            2593 AM Den Haag (Bezuidenhout-Oost)        ,"                €1,375 per month            ",78 m²,4 rooms
                        Apartment Fijnjekade                            ,            2521 DV Den Haag (Laakhaven-Oost)        ,"                €1,350 per month            ",76 m²,3 rooms
                        Apartment Reinwardtstraat                            ,            2522 AA Den Haag (Laakkwartier-Oost)        ,"                €1,850 per month            ",73 m²,4 rooms
                        House Bazarstraat                            ,            2518 AE Den Haag (Zeeheldenkwartier)        ,"                €1,895 per month            ",92 m²,3 rooms
                        House Prins Hendrikstraat                            ,            2518 HL Den Haag (Zeeheldenkwartier)        ,                €925 per month            ,29 m²,2 rooms
                        Apartment Joan Maetsuyckerstraat 49                            ,            2593 ZD Den Haag (Bezuidenhout-Oost)        ,"                €1,900 per month            ",97 m²,4 rooms
                        Apartment Goudenregenstraat 84                            ,            2565 EZ Den Haag (Bloemenbuurt-Oost)        ,"                €1,750 per month            ",104 m²,4 rooms
                        Apartment Waldorpstraat 411                            ,            2521 CJ Den Haag (Laakhaven-West)        ,                €630 per month            ,24 m²,1 room
                        Apartment Van Speijkstraat                            ,            2518 GJ Den Haag (Zeeheldenkwartier)        ,"                €1,200 per month            ",40 m²,2 rooms
                        Apartment Margarethaland 267                            ,            2591 VA Den Haag (Landen)        ,"                €1,350 per month            ",75 m²,3 rooms
                        Apartment Lange Beestenmarkt 18                            ,            2512 EG Den Haag (Zuidwal)        ,"                €1,800 per month            ",100 m²,4 rooms
                        Apartment Schuytstraat 30 A                            ,            2517 XG Den Haag (Sweelinckplein en omgeving)        ,"                €1,395 per month            ",60 m²,2 rooms
                        Apartment Riouwstraat                            ,            2585 GR Den Haag (Archipelbuurt)        ,"                €3,100 per month            ",234 m²,9 rooms
                        Apartment Oudemansstraat                            ,            2522 SR Den Haag (Laakkwartier-Oost)        ,"                €1,100 per month            ",91 m²,4 rooms
                        Apartment Appelstraat                            ,            2564 EA Den Haag (Vruchtenbuurt)        ,"                €1,950 per month            ",160 m²,5 rooms
                        Apartment Waldorpstraat 1358                            ,            2521 CZ Den Haag (Laakhaven-West)        ,                €620 per month            ,24 m²,1 room
                        Apartment Waldorpstraat 862                            ,            2521 CW Den Haag (Laakhaven-West)        ,                €580 per month            ,24 m²,1 room
                        Apartment Waldorpstraat 1122                            ,            2521 CX Den Haag (Laakhaven-West)        ,                €620 per month            ,23 m²,1 room
                        Apartment Waldorpstraat 1202                            ,            2521 CZ Den Haag (Laakhaven-West)        ,                €620 per month            ,23 m²,1 room
                        Apartment Waldorpstraat 501                            ,            2521 CJ Den Haag (Laakhaven-West)        ,                €640 per month            ,24 m²,1 room
                        Apartment Regentesselaan                            ,            2562 CM Den Haag (Koningsplein en omgeving)        ,                €675 per month            ,30 m²,2 rooms
                        Apartment Zuiderparklaan 65                            ,            2574 HB Den Haag (Oostbroek-Noord)        ,                €975 per month            ,60 m²,3 rooms
