Title,Location,Price,Area,Rooms
                        Apartment Minervaplein                            ,            1077 TR Amsterdam (Apollobuurt)        ,"                €2,850 per month            ",111 m²,3 rooms
                        Apartment Hillegomstraat 32 2                            ,            1058 LT Amsterdam (Hoofddorppleinbuurt)        ,"                €2,800 per month            ",85 m²,4 rooms
                        Apartment Mary Zeldenruststraat 9 H                            ,            1091 DL Amsterdam (Oosterparkbuurt)        ,"                €1,800 per month            ",60 m²,3 rooms
                        Apartment Gerard Doustraat                            ,            1072 VK Amsterdam (Oude Pijp)        ,"                €1,695 per month            ",44 m²,2 rooms
                        Apartment Karthuizersplantsoen 9                            ,            1015 LS Amsterdam (Jordaan)        ,"                €3,450 per month            ",161 m²,3 rooms
                        Apartment Rooseveltlaan                            ,            1079 AM Amsterdam (Scheldebuurt)        ,"                €3,995 per month            ",121 m²,4 rooms
                        Apartment Olympiaplein                            ,            1077 CR Amsterdam (Apollobuurt)        ,"                €2,700 per month            ",100 m²,3 rooms
                        Apartment Meerhuizenstraat                            ,            1078 TE Amsterdam (IJselbuurt)        ,"                €1,975 per month            ",65 m²,3 rooms
                        Apartment Bestevâerstraat                            ,            1055 TK Amsterdam (Landlust)        ,"                €1,750 per month            ",60 m²,2 rooms
                        Apartment Leusdenhof                            ,            1108 CS Amsterdam (Nellestein)        ,"                €1,900 per month            ",80 m²,3 rooms
                        Apartment Baffinstraat 15 1                            ,            1057 SV Amsterdam (Hoofdweg e.o.)        ,"                €1,775 per month            ",54 m²,3 rooms
                        Apartment Baarsjesweg                            ,            1058 AD Amsterdam (Westindische Buurt)        ,"                €2,800 per month            ",50 m²,2 rooms
                        Apartment Kanaalstraat 14 2                            ,            1054 XH Amsterdam (Helmersbuurt)        ,"                €1,850 per month            ",50 m²,2 rooms
                        Apartment Rooseveltlaan                            ,            1079 AB Amsterdam (Scheldebuurt)        ,"                €3,000 per month            ",143 m²,5 rooms
                        Apartment Rietnesse 8 III                            ,            1082 CG Amsterdam (Buitenveldert-West)        ,"                €1,950 per month            ",64 m²,2 rooms
                        Apartment Hemonystraat 42 III                            ,            1074 BS Amsterdam (Oude Pijp)        ,"                €2,350 per month            ",97 m²,3 rooms
                        Apartment Tintorettostraat 17 hs                            ,            1077 RN Amsterdam (Apollobuurt)        ,"                €4,250 per month            ",145 m²,5 rooms
                        Apartment Julius Pergerstraat                            ,            1087 KN Amsterdam (IJburg Zuid)        ,"                €1,600 per month            ",84 m²,3 rooms
                        Apartment Bestevâerstraat 244 1                            ,            1055 TT Amsterdam (Landlust)        ,"                €1,750 per month            ",59 m²,2 rooms
                        Apartment Eerste Van der Helststraat 1 A14                            ,            1073 AA Amsterdam (Oude Pijp)        ,"                €1,950 per month            ",75 m²,3 rooms
                        Studio Ridderspoorweg                            ,            1032 LL Amsterdam (Noordelijke IJ-oevers West)        ,"                €1,550 per month            ",40 m²,1 room
                        Studio Maassluisstraat 256 A                            ,            1062 GL Amsterdam (Westlandgracht)        ,"                €1,400 per month            ",42 m²,1 room
                        Apartment Rapenburgerstraat 73 E4                            ,            1011 VK Amsterdam (Nieuwmarkt/Lastage)        ,"                €2,200 per month            ",75 m²,1 room
                        Apartment Kastelenstraat 255 1                            ,            1082 EG Amsterdam (Buitenveldert-West)        ,"                €1,800 per month            ",75 m²,4 rooms
                        Apartment Kleiburg 808                            ,"            1104 EA Amsterdam (Bijlmer Oost (E,G,K))        ","                €1,550 per month            ",70 m²,3 rooms
                        Apartment Govert Flinckstraat 316 D                            ,            1073 CJ Amsterdam (Oude Pijp)        ,"                €3,500 per month            ",170 m²,4 rooms
                        Apartment Haparandaweg                            ,            1013 BD Amsterdam (Houthavens)        ,"                €1,488 per month            ",49 m²,1 room
                        Apartment Bestevâerstraat                            ,            1056 HH Amsterdam (Geuzenbuurt)        ,"                €2,750 per month            ",97 m²,6 rooms
                        Apartment Gustav Mahlerlaan 240                            ,            1082 ME Amsterdam (Zuidas)        ,"                €3,500 per month            ",117 m²,3 rooms
                        Apartment Osdorpplein                            ,            1068 TD Amsterdam (Osdorp-Oost)        ,"                €1,900 per month            ",73 m²,3 rooms
                        House Tolstraat                            ,            1073 SC Amsterdam (Zuid Pijp)        ,"                €2,500 per month            ",82 m²,3 rooms
                        Apartment Van Leijenberghlaan 151                            ,            1082 GD Amsterdam (Buitenveldert-Oost)        ,"                €2,100 per month            ",128 m²,4 rooms
