Title,Location,Price,Area,Rooms
                        Apartment Livingstonelaan                            ,            3526 HS Utrecht (Kanaleneiland-Zuid)        ,"                €1,600 per month            ",75 m²,4 rooms
                        Apartment Cobradreef                            ,            3564 ET Utrecht (Zambesidreef en omgeving)        ,                €795 per month            ,35 m²,2 rooms
                        Apartment Hamsteeg                            ,"            3511 JC Utrecht (Lange Elisabethstraat, Mariaplaats en omgeving)        ","                €2,150 per month            ",76 m²,3 rooms
                        Apartment Hamsteeg                            ,"            3511 JC Utrecht (Lange Elisabethstraat, Mariaplaats en omgeving)        ","                €1,995 per month            ",76 m²,3 rooms
                        Apartment Tolsteegsingel                            ,            3582 AM Utrecht (Watervogelbuurt)        ,"                €1,975 per month            ",80 m²,3 rooms
                        Apartment Van Heuven Goedhartplein 151                            ,            3527 DR Utrecht (Kanaleneiland-Noord)        ,"                €1,150 per month            ",50 m²,2 rooms
                        Apartment Oudegracht                            ,"            3511 AG Utrecht (Lange Elisabethstraat, Mariaplaats en omgeving)        ","                €1,325 per month            ",83 m²,2 rooms
                        Apartment Berlagestraat                            ,            3555 CW Utrecht (Prins Bernhardplein en omgeving)        ,                €840 per month            ,40 m²,2 rooms
                        Apartment Koekoekstraat 31 D                            ,            3514 CS Utrecht (Vogelenbuurt)        ,                €905 per month            ,32 m²,2 rooms
                        Apartment Lange Koestraat 33 C                            ,            3511 RM Utrecht (Wijk C)        ,                €925 per month            ,32 m²,1 room
                        House Azaleastraat                            ,            3551 AW Utrecht (2e Daalsebuurt en omgeving)        ,"                €1,375 per month            ",65 m²,2 rooms
                        Apartment Goedestraat                            ,            3572 RX Utrecht (Wittevrouwen)        ,"                €1,585 per month            ",60 m²,2 rooms
                        Apartment Buys Ballotstraat 34 A                            ,"            3572 ZT Utrecht (Zeeheldenbuurt, Hengeveldstraat en omgeving)        ","                €1,575 per month            ",54 m²,3 rooms
                        Apartment 3e Achterstraat 3                            ,            3512 VC Utrecht (Breedstraat en Plompetorengracht en omgeving)        ,"                €1,095 per month            ",38 m²,1 room
                        Apartment Voorsterbeeklaan                            ,            3521 DG Utrecht (Dichterswijk)        ,"                €2,300 per month            ",121 m²,4 rooms
                        Apartment Oudegracht                            ,            3511 PH Utrecht (Springweg en omgeving Geertebuurt)        ,"                €1,795 per month            ",75 m²,2 rooms
                        Apartment Visschersplein                            ,"            3511 LX Utrecht (Lange Elisabethstraat, Mariaplaats en omgeving)        ","                €1,395 per month            ",57 m²,2 rooms
                        Apartment Biltstraat 68 BSA                            ,            3572 BG Utrecht (Wittevrouwen)        ,"                €1,550 per month            ",72 m²,2 rooms
                        Apartment Vlisthof 16                            ,            3522 RS Utrecht (Rivierenwijk)        ,"                €1,150 per month            ",64 m²,3 rooms
                        Apartment Drieharingstraat                            ,"            3511 BH Utrecht (Lange Elisabethstraat, Mariaplaats en omgeving)        ",                €975 per month            ,38 m²,2 rooms
                        Apartment Pal Maleterstraat 55                            ,            3573 PG Utrecht (Voordorp en Voorveldsepolder)        ,"                €1,300 per month            ",90 m²,3 rooms
                        Apartment Hartingstraat                            ,            3511 HV Utrecht (Hooch Boulandt)        ,"                €1,725 per month            ",90 m²,4 rooms
                        Apartment Louis Armstronglaan 638                            ,            3543 EB Utrecht (Terwijde-Oost)        ,"                €1,495 per month            ",70 m²,3 rooms
                        Apartment Aziëlaan 232                            ,            3526 SH Utrecht (Kanaleneiland-Zuid)        ,"                €1,425 per month            ",86 m²,3 rooms
                        Apartment Gansstraat                            ,            3582 EJ Utrecht (Watervogelbuurt)        ,"                €1,895 per month            ",95 m²,2 rooms
                        House Kievitdwarsstraat                            ,            3514 VC Utrecht (Vogelenbuurt)        ,"                €2,100 per month            ",135 m²,5 rooms
                        Apartment Twellosebeeklaan                            ,            3521 DR Utrecht (Dichterswijk)        ,"                €1,250 per month            ",78 m²,2 rooms
                        Apartment Twellosebeeklaan                            ,            3521 DR Utrecht (Dichterswijk)        ,                €950 per month            ,50 m²,2 rooms
                        Apartment Trumanlaan                            ,            3527 BM Utrecht (Kanaleneiland-Noord)        ,"                €1,530 per month            ",75 m²,3 rooms
                        Apartment Ridderschapstraat                            ,            3512 CP Utrecht (Breedstraat en Plompetorengracht en omgeving)        ,"                €1,350 per month            ",74 m²,2 rooms
