Title,Location,Price,Area,Rooms
                        Studio Schilperoortstraat                            ,            3082 SX Rotterdam (Oud Charlois)        ,                €925 per month            ,20 m²,1 room
                        Apartment Sourystraat                            ,            3039 ST Rotterdam (Blijdorp)        ,"                €1,450 per month            ",100 m²,3 rooms
                        House Bergse Plaslaan 12                            ,            3054 AR Rotterdam (Hillegersberg Noord)        ,"                €3,000 per month            ",120 m²,4 rooms
                        Apartment Charloisse Hoofd                            ,            3087 CA Rotterdam (Oud Charlois)        ,"                €1,895 per month            ",100 m²,4 rooms
                        Apartment Zweedsestraat 155 B1                            ,            3028 TT Rotterdam (Oud Mathenesse)        ,                €950 per month            ,84 m²,84 rooms
                        Apartment Willem van Boelrestraat                            ,            3067 LM Rotterdam (Het Lage Land)        ,"                €1,300 per month            ",85 m²,4 rooms
                        Apartment Dorpsweg                            ,            3083 LH Rotterdam (Carnisse)        ,                €620 per month            ,57 m²,4 rooms
                        Apartment Dorpsweg                            ,            3083 LA Rotterdam (Oud Charlois)        ,                €645 per month            ,75 m²,3 rooms
                        Apartment Maximiliaanstraat                            ,            3082 EC Rotterdam (Oud Charlois)        ,                €880 per month            ,65 m²,3 rooms
                        Apartment Wilhelminakade                            ,            3072 AP Rotterdam (Kop van Zuid)        ,"                €1,550 per month            ",60 m²,2 rooms
                        Apartment Spangesekade                            ,            3027 GK Rotterdam (Spangen)        ,"                €1,395 per month            ",70 m²,3 rooms
                        Apartment West-Varkenoordseweg                            ,            3074 HT Rotterdam (Hillesluis)        ,"                €1,475 per month            ",100 m²,4 rooms
                        Apartment Laan op Zuid                            ,            3071 AB Rotterdam (Kop van Zuid - Entrepot)        ,"                €1,950 per month            ",96 m²,3 rooms
                        Apartment Bergselaan 151                            ,            3037 BH Rotterdam (Liskwartier)        ,"                €1,275 per month            ",50 m²,2 rooms
                        Apartment Voorhaven                            ,            3024 RM Rotterdam (Delfshaven)        ,"                €1,950 per month            ",105 m²,3 rooms
                        Apartment 's-Gravendijkwal                            ,            3014 EK Rotterdam (Oude Westen)        ,                €885 per month            ,28 m²,2 rooms
                        Apartment Vierambachtsstraat                            ,            3023 AR Rotterdam (Nieuwe Westen)        ,"                €1,095 per month            ",50 m²,3 rooms
                        Apartment Pannekoekstraat                            ,            3011 LK Rotterdam (Stadsdriehoek)        ,"                €1,750 per month            ",53 m²,2 rooms
                        Apartment Lepelaarsingel                            ,            3083 KP Rotterdam (Carnisse)        ,"                €1,195 per month            ",52 m²,3 rooms
                        Apartment Drinkwaterweg 58                            ,            3063 JC Rotterdam (De Esch)        ,"                €1,350 per month            ",70 m²,4 rooms
                        Apartment Blaak 576                            ,            3011 TA Rotterdam (Stadsdriehoek)        ,"                €1,295 per month            ",74 m²,2 rooms
                        Apartment Straatweg 44 C                            ,            3051 BG Rotterdam (Hillegersberg Zuid)        ,"                €1,400 per month            ",94 m²,5 rooms
                        Apartment Sint-Janshaven                            ,            3087 ED Rotterdam (Oud Charlois)        ,"                €1,425 per month            ",77 m²,3 rooms
                        House Straatweg                            ,            3051 BM Rotterdam (Hillegersberg Zuid)        ,"                €1,650 per month            ",70 m²,3 rooms
                        Apartment Joost van Geelstraat                            ,            3021 VK Rotterdam (Middelland)        ,"                €1,300 per month            ",70 m²,2 rooms
                        Apartment Joost van Geelstraat                            ,            3021 VJ Rotterdam (Middelland)        ,"                €1,350 per month            ",70 m²,3 rooms
                        Apartment Walenburgerplein                            ,            3039 AM Rotterdam (Provenierswijk)        ,"                €1,550 per month            ",73 m²,3 rooms
                        Apartment Stadhoudersweg                            ,            3039 CK Rotterdam (Blijdorp)        ,"                €1,695 per month            ",114 m²,4 rooms
                        Apartment Borgesiusstraat                            ,            3038 TB Rotterdam (Bergpolder)        ,                €850 per month            ,50 m²,2 rooms
                        Apartment Schiedamsesingel                            ,            3012 BA Rotterdam (Cool)        ,"                €1,215 per month            ",54 m²,2 rooms
